commit,date,version,suite,benchmark,experiment,name,config,case,time,runid
d6270855f95fb4d59b7e0d356809dc600dd10b0b,2024-05-29,1,result-db,job,q7b,"mutable (single core, WasmV8, single-table)",Execution Time,0,923.616,0
d6270855f95fb4d59b7e0d356809dc600dd10b0b,2024-05-29,1,result-db,job,q7b,"mutable (single core, WasmV8, single-table)",Execution Time,0,922.881,1
d6270855f95fb4d59b7e0d356809dc600dd10b0b,2024-05-29,1,result-db,job,q7b,"mutable (single core, WasmV8, single-table)",Execution Time,0,923.533,2
d6270855f95fb4d59b7e0d356809dc600dd10b0b,2024-05-29,1,result-db,job,q7b,"mutable (single core, WasmV8, single-table)",Execution Time,0,922.761,3
d6270855f95fb4d59b7e0d356809dc600dd10b0b,2024-05-29,1,result-db,job,q7b,"mutable (single core, WasmV8, single-table)",Execution Time,0,926.313,4
d6270855f95fb4d59b7e0d356809dc600dd10b0b,2024-05-29,1,result-db,job,q7b,"mutable (single core, WasmV8, resultdb)",Execution Time,0,930.565,0
d6270855f95fb4d59b7e0d356809dc600dd10b0b,2024-05-29,1,result-db,job,q7b,"mutable (single core, WasmV8, resultdb)",Execution Time,0,922.049,1
d6270855f95fb4d59b7e0d356809dc600dd10b0b,2024-05-29,1,result-db,job,q7b,"mutable (single core, WasmV8, resultdb)",Execution Time,0,923.203,2
d6270855f95fb4d59b7e0d356809dc600dd10b0b,2024-05-29,1,result-db,job,q7b,"mutable (single core, WasmV8, resultdb)",Execution Time,0,921.584,3
d6270855f95fb4d59b7e0d356809dc600dd10b0b,2024-05-29,1,result-db,job,q7b,"mutable (single core, WasmV8, resultdb)",Execution Time,0,912.701,4
d6270855f95fb4d59b7e0d356809dc600dd10b0b,2024-05-29,1,result-db,job,q7b,"mutable (single core, WasmV8, decompose)",Execution Time,0,0,0
d6270855f95fb4d59b7e0d356809dc600dd10b0b,2024-05-29,1,result-db,job,q7b,"mutable (single core, WasmV8, decompose)",Execution Time,0,0,1
d6270855f95fb4d59b7e0d356809dc600dd10b0b,2024-05-29,1,result-db,job,q7b,"mutable (single core, WasmV8, decompose)",Execution Time,0,0,2
d6270855f95fb4d59b7e0d356809dc600dd10b0b,2024-05-29,1,result-db,job,q7b,"mutable (single core, WasmV8, decompose)",Execution Time,0,0,3
d6270855f95fb4d59b7e0d356809dc600dd10b0b,2024-05-29,1,result-db,job,q7b,"mutable (single core, WasmV8, decompose)",Execution Time,0,0,4
